{"ffaa:0:1001": 0.514831216252962, "ffaa:0:1002": 0.23426918272075745, "ffaa:0:1003": 0.32388910046603014, "ffaa:0:1004": 0.32388910046603014, "ffaa:0:1005": 0.32388910046603014, "ffaa:0:1006": 0.2021198968596641, "ffaa:0:1007": 0.0029535293320688254, "ffaa:0:1008": 0.32388910046603014, "ffaa:0:1009": 0.514831216252962, "ffaa:0:100a": 0.2021198968596641, "ffaa:0:100b": 0.2021198968596641, "ffaa:0:1101": 1.005160269093787, "ffaa:0:1102": 1.005160269093787, "ffaa:0:1103": 1.005160269093787, "ffaa:0:1107": 1.005160269093787, "ffaa:0:1108": 1.005160269093787, "ffaa:0:1110": 1.005160269093787, "ffaa:0:1111": 1.005160269093787, "ffaa:0:1112": 1.005160269093787, "ffaa:0:1113": 1.005160269093787, "ffaa:0:1114": 0, "ffaa:0:1115": 0, "ffaa:0:1117": 0, "ffaa:0:1118": 0, "ffaa:0:1119": 0, "ffaa:0:111a": 0, "ffaa:0:111b": 0, "ffaa:0:1201": 0.32388910046603014, "ffaa:0:1206": 0.32388910046603014, "ffaa:0:1301": 0.514831216252962, "ffaa:0:1302": 0.6368606339159714, "ffaa:0:1303": 0.514831216252962, "ffaa:0:1304": 0.32388910046603014, "ffaa:0:1305": 0.11748719284535904, "ffaa:0:1306": 0.514831216252962, "ffaa:0:1307": 0.7205454199645945, "ffaa:0:1309": 0.5760119950942394, "ffaa:0:130a": 0, "ffaa:0:130b": 0.514831216252962, "ffaa:0:130c": 0.8573709419904204, "ffaa:0:130d": 0.6079677682103793, "ffaa:0:130e": 0, "ffaa:0:130f": 0.6079677682103793, "ffaa:0:1310": 0.6014148737137511, "ffaa:0:1401": 0.27061533621399103, "ffaa:0:1402": 0.27061533621399103, "ffaa:0:1403": 0.27061533621399103, "ffaa:0:1404": 0.27061533621399103, "ffaa:0:1501": 0.2021198968596641, "ffaa:0:1601": 0.16503619347608808, "ffaa:0:1901": 0.2742243986446753, "ffaa:0:1902": 0, "ffaa:0:2001": 0.27061533621399103, "ffaa:0:2002": 0.27061533621399103, "ffaa:0:2003": 0.27061533621399103, "ffaa:0:2004": 0.27061533621399103}