{"ffaa:0:1001": {"total_GWh": 514860.0, "green_pct": 0.51483}, "ffaa:0:1002": {"total_GWh": 30418.0, "green_pct": 0.23427}, "ffaa:0:1003": {"total_GWh": 4322038.0, "green_pct": 0.32389}, "ffaa:0:1004": {"total_GWh": 4322038.0, "green_pct": 0.32389}, "ffaa:0:1005": {"total_GWh": 4322038.0, "green_pct": 0.32389}, "ffaa:0:1006": {"total_GWh": 1057976.0, "green_pct": 0.20212}, "ffaa:0:1007": {"total_GWh": 51667.0, "green_pct": 0.00295}, "ffaa:0:1008": {"total_GWh": 4322038.0, "green_pct": 0.32389}, "ffaa:0:1009": {"total_GWh": 514860.0, "green_pct": 0.51483}, "ffaa:0:100a": {"total_GWh": 1057976.0, "green_pct": 0.20212}, "ffaa:0:100b": {"total_GWh": 1057976.0, "green_pct": 0.20212}, "ffaa:0:1101": {"total_GWh": 63175.0, "green_pct": 1.00516}, "ffaa:0:1102": {"total_GWh": 63175.0, "green_pct": 1.00516}, "ffaa:0:1103": {"total_GWh": 63175.0, "green_pct": 1.00516}, "ffaa:0:1107": {"total_GWh": 63175.0, "green_pct": 1.00516}, "ffaa:0:1108": {"total_GWh": 63175.0, "green_pct": 1.00516}, "ffaa:0:1110": {"total_GWh": 63175.0, "green_pct": 1.00516}, "ffaa:0:1111": {"total_GWh": 63175.0, "green_pct": 1.00516}, "ffaa:0:1112": {"total_GWh": 63175.0, "green_pct": 1.00516}, "ffaa:0:1113": {"total_GWh": 63175.0, "green_pct": 1.00516}, "ffaa:0:1114": {"total_GWh": 0, "green_pct": 0}, "ffaa:0:1115": {"total_GWh": 0, "green_pct": 0}, "ffaa:0:1117": {"total_GWh": 0, "green_pct": 0}, "ffaa:0:1118": {"total_GWh": 0, "green_pct": 0}, "ffaa:0:1119": {"total_GWh": 0, "green_pct": 0}, "ffaa:0:111a": {"total_GWh": 0, "green_pct": 0}, "ffaa:0:111b": {"total_GWh": 0, "green_pct": 0}, "ffaa:0:1201": {"total_GWh": 4322038.0, "green_pct": 0.32389}, "ffaa:0:1206": {"total_GWh": 4322038.0, "green_pct": 0.32389}, "ffaa:0:1301": {"total_GWh": 514860.0, "green_pct": 0.51483}, "ffaa:0:1302": {"total_GWh": 1186214.0, "green_pct": 0.63686}, "ffaa:0:1303": {"total_GWh": 514860.0, "green_pct": 0.51483}, "ffaa:0:1304": {"total_GWh": 4322038.0, "green_pct": 0.32389}, "ffaa:0:1305": {"total_GWh": 115170.0, "green_pct": 0.11749}, "ffaa:0:1306": {"total_GWh": 514860.0, "green_pct": 0.51483}, "ffaa:0:1307": {"total_GWh": 68351.0, "green_pct": 0.72055}, "ffaa:0:1309": {"total_GWh": 274779.0, "green_pct": 0.57601}, "ffaa:0:130a": {"total_GWh": 0, "green_pct": 0}, "ffaa:0:130b": {"total_GWh": 514860.0, "green_pct": 0.51483}, "ffaa:0:130c": {"total_GWh": 556184.0, "green_pct": 0.85737}, "ffaa:0:130d": {"total_GWh": 68752.0, "green_pct": 0.60797}, "ffaa:0:130e": {"total_GWh": 0, "green_pct": 0}, "ffaa:0:130f": {"total_GWh": 68752.0, "green_pct": 0.60797}, "ffaa:0:1310": {"total_GWh": 85520.0, "green_pct": 0.60141}, "ffaa:0:1401": {"total_GWh": 562603.0, "green_pct": 0.27062}, "ffaa:0:1402": {"total_GWh": 562603.0, "green_pct": 0.27062}, "ffaa:0:1403": {"total_GWh": 562603.0, "green_pct": 0.27062}, "ffaa:0:1404": {"total_GWh": 562603.0, "green_pct": 0.27062}, "ffaa:0:1501": {"total_GWh": 1057976.0, "green_pct": 0.20212}, "ffaa:0:1601": {"total_GWh": 264136.0, "green_pct": 0.16504}, "ffaa:0:1901": {"total_GWh": 7142200.0, "green_pct": 0.27422}, "ffaa:0:1902": {"total_GWh": 0, "green_pct": 0}, "ffaa:0:2001": {"total_GWh": 562603.0, "green_pct": 0.27062}, "ffaa:0:2002": {"total_GWh": 562603.0, "green_pct": 0.27062}, "ffaa:0:2003": {"total_GWh": 562603.0, "green_pct": 0.27062}, "ffaa:0:2004": {"total_GWh": 562603.0, "green_pct": 0.27062}}